{
  "name": "whatsapp-automation-simple",
  "version": "1.0.0",
  "description": "Simple WhatsApp automation with Google Sheets",
  "main": "app.js",
  "scripts": {
    "start": "node app.js",
    "dev": "nodemon app.js",
    "test": "node test-credentials.js",
    "get-phone-id": "node get-phone-id.js"
  },
  "dependencies": {
    "express": "^4.18.2",
    "body-parser": "^1.20.2",
    "axios": "^1.6.0",
    "dotenv": "^16.3.1"
  },
  "devDependencies": {
    "nodemon": "^3.0.1"
  },
  "engines": {
    "node": ">=14.0.0"
  },
  "keywords": [
    "whatsapp",
    "automation",
    "google-sheets",
    "nodejs",
    "webhook"
  ],
  "author": "Your Name",
  "license": "MIT"
}